rank,country,TwoLetterID,unMember,pop1980,pop2000,pop2010,pop2023,pop2024,pop2030,pop2050,landAreaKm,2024YoYChange,2024YoYGrowthRate,2024WorldPercentage,Density_2024
1,India,IN,TRUE,696828385,1059633675,1240613620,1428627663,1441719852,1514994080,1670490596,2973190,13092189,0.009164171561,0.1776143473,484.9067338
2,China,CN,TRUE,982372466,1264099069,1348191368,1425671352,1425178782,1415605906,1312636325,9424702.9,-492570,-0.0003455003843,0.175576551,151.2173696
3,United States,US,TRUE,223140018,282398554,311182845,339996563,341814420,352162301,375391963,9147420,1817857,0.005346692284,0.04211022345,37.36730357
4,Indonesia,ID,TRUE,148177096,214072421,244016173,277534122,279798049,292150100,317225213,1877519,2263927,0.008157292457,0.03447004478,149.0254155
5,Pakistan,PK,TRUE,80624057,154369924,194454498,240485658,245209815,274029836,367808468,770880,4724157,0.01964423592,0.03020890722,318.0907729
6,Nigeria,NG,TRUE,72951439,122851984,160952853,223804632,229152217,262580426,377459883,910770,5347585,0.02389398715,0.02823067283,251.6027285
7,Brazil,BR,TRUE,122288383,175873720,196353492,216422446,217637297,223908968,230885725,8358140,1214851,0.005613331808,0.02681207892,26.03896286
8,Bangladesh,BD,TRUE,83929765,129193327,148391139,172954319,174701211,184424144,203904900,130170,1746892,0.01010030863,0.02152251807,1342.100415
9,Russia,RU,TRUE,138257420,146844839,143242599,144444359,143957079,141432741,133133035,16376870,-487280,-0.003373478919,0.01773495911,8.790268165
10,Ethiopia,ET,TRUE,34945469,67031867,89237791,126527060,129719719,149296378,214812309,1128571.3,3192659,0.0252330134,0.01598097106,114.9415363
11,Mexico,MX,TRUE,67705186,97873442,112532401,128455567,129388467,134534107,143772364,1943950,932900,0.007262433398,0.01594016208,66.55956532
12,Japan,JP,TRUE,117624196,126803861,128105431,123294513,122631432,118514802,103784357,364500,-663081,-0.005378025217,0.01510772133,336.4373992
13,Philippines,PH,TRUE,48419546,77958223,94636700,117337368,119106224,129453321,157891622,298170,1768856,0.0150749589,0.01467342924,399.457437
14,Egypt,EG,TRUE,43748556,71371371,87252413,112716598,114484252,125151725,160339889,995450,1767654,0.01568228665,0.01410402005,115.0075363
15,DR Congo,CD,TRUE,26708686,48616317,66391257,102262808,105625114,127582053,217494003,2267050,3362306,0.03287906978,0.01301260828,46.59143557
16,Vietnam,VN,TRUE,52968270,79001142,87411012,98858950,99497680,102699905,107012939,313429,638730,0.006461023509,0.01225773195,317.448864
17,Iran,IR,TRUE,38520664,65544383,75373855,89172767,89809781,92921017,99007204,1622500,637014,0.007143593514,0.01106422001,55.35271556
18,Turkey,TR,TRUE,44089069,64113547,73195345,85816199,86260417,88879698,95829258,783562,444218,0.005176388668,0.010626952,110.0875451
19,Germany,DE,TRUE,77786703,81551677,81325090,83294633,83252474,82762675,78932228,349390,-42159,-0.0005061430549,0.01025638498,238.2794986
20,Thailand,TH,TRUE,45737753,63066603,68270489,71801279,71885799,72060018,67880083,510890,84520,0.001177137806,0.008856054284,140.7069995
21,Tanzania,TZ,TRUE,19297659,34463704,45110527,67438106,69419073,81885304,129931520,885800,1980967,0.02937459424,0.008552163116,78.36878867
22,United Kingdom,GB,TRUE,56326328,58850043,62760039,67736802,67961439,69175770,71684966,241930,224637,0.003316321311,0.008372588207,280.9136486
23,France,FR,TRUE,53713830,58665453,62444567,64756584,64881830,65543452,65827072,547557,125246,0.001934104492,0.007993192209,118.4932893
24,South Africa,ZA,TRUE,29463549,46813266,51784921,60414495,61020221,64659278,73529753,1213090,605726,0.01002617004,0.007517456815,50.30147887
25,Italy,IT,TRUE,56329482,56966397,59822450,58870762,58697744,57544258,52250484,295717,-173018,-0.002938946161,0.00723133657,198.4929646
26,Kenya,KE,TRUE,16187124,30851606,41517895,55100586,56203030,63103942,85211739,569140,1102444,0.02000784529,0.006923997389,98.75079945
27,Myanmar,MM,TRUE,33465781,45538332,49390988,54577997,54964694,56987625,59929399,652670,386697,0.007085217876,0.006771439151,84.21513782
28,Colombia,CO,TRUE,26176195,39215135,44816108,52085168,52340774,54129764,56987651,1109500,255606,0.004907462332,0.006448182287,47.1751005
29,South Korea,KR,TRUE,38170501,46788591,48813042,51784059,51741963,51290214,45770874,97600,-42096,-0.00081291426,0.006374411072,530.1430635
30,Uganda,UG,TRUE,13284026,24020697,32341728,48582334,49924252,58380262,87622081,200520,1341918,0.02762152185,0.00615047606,248.9739278
31,Sudan,SD,TRUE,16673586,26298773,33739933,48109006,49358228,56997099,84494269,1868000,1249222,0.02596648952,0.006080744077,26.42303426
32,Spain,ES,TRUE,37491666,40741651,46572772,47519628,47473373,47076573,44219565,499556.6,-46255,-0.0009733872496,0.005848537182,95.03101951
33,Iraq,IQ,TRUE,13653369,24628858,31264875,45504560,46523657,52800825,74515140,434128,1019097,0.02239549179,0.005731535819,107.1657599
34,Algeria,DZ,TRUE,18739378,30774621,35856344,45606480,46278751,49787283,60001113,2381741,672271,0.01474069036,0.005701364341,19.4306396
35,Argentina,AR,TRUE,28024803,37070774,41100123,45773884,46057866,47678560,51621175,2736690,283982,0.006204017994,0.005674152157,16.829771
36,Afghanistan,AF,TRUE,12486631,19542982,28189672,42239854,43372950,50330837,74075234,652230,1133096,0.02682528211,0.00534338082,66.49947105
37,Poland,PL,TRUE,35521429,38504431,38597353,41026067,40221726,38700518,34932339,306130,-804341,-0.01960560831,0.004955162129,131.3877307
38,Canada,CA,TRUE,24511510,30683313,33963412,38781291,39107046,41008596,45890819,8965590,325755,0.008399797727,0.004817837835,4.361904348
39,Morocco,MA,TRUE,19678444,28554415,32464865,37840044,38211459,40226395,45044990,446300,371415,0.009815395563,0.004707504957,85.61832624
40,Ukraine,UA,TRUE,49973920,48879755,45683020,36744634,37937821,38295429,32867719,579400,1193187,0.03247241488,0.004673793807,65.47777183
41,Angola,AO,TRUE,8330047,16394062,23364185,36684202,37804634,44911664,72328068,1246700,1120432,0.03054262977,0.00465738568,30.32376193
42,Saudi Arabia,SA,TRUE,10171710,21547390,29411929,36947025,37473929,40461368,48374543,2149690,526904,0.01426106703,0.004616644095,17.43224791
43,Uzbekistan,UZ,TRUE,15947129,24925554,28614227,35163944,35673804,38313228,45593149,440650,509860,0.0144995112,0.00439487561,80.95723136
44,Yemen,YE,TRUE,9204938,18628700,24743946,34449825,35219853,39923245,55296331,527970,770028,0.02235215999,0.004338950591,66.70805728
45,Mozambique,MZ,TRUE,11413587,17768505,23073723,33897354,34858402,40920707,63044497,786380,961048,0.02835171146,0.004294421216,44.32768127
46,Ghana,GH,TRUE,11865246,19665502,25574719,34121985,34777522,38775850,52231785,227533,655537,0.01921157283,0.004284457111,152.8460575
47,Peru,PE,TRUE,17492406,26654439,29229572,34352719,34683444,36702393,42022554,1280000,330725,0.0096273311,0.004272867062,27.09644063
48,Malaysia,MY,TRUE,13215707,22945150,28717731,34308525,34671895,36687569,41032433,328550,363370,0.01059124518,0.00427144427,105.5300411
49,Nepal,NP,TRUE,15600442,24559500,27161567,30896590,31240315,33133395,37401365,143350,343725,0.01112501412,0.003848686797,217.9303453
50,Madagascar,MG,TRUE,8948162,16216431,21731053,30325732,31056610,35604443,51592965,581800,730878,0.02410091865,0.003826055046,53.38021657
51,Ivory Coast,CI,TRUE,8303810,16799670,21120042,28873034,29603302,34211272,51358243,318000,730268,0.02529238874,0.003647013084,93.09214465
52,Venezuela,VE,TRUE,15210443,24427729,28715022,28838499,29395334,32027461,35937404,882050,556835,0.01930873725,0.003621392225,33.32615385
53,Cameroon,CM,TRUE,8519891,15091594,19878036,28647293,29394433,34051103,51279560,472710,747140,0.02608064923,0.003621281225,62.18280341
54,Niger,NE,TRUE,6173177,11622665,16647543,27202843,28238972,35217942,67043296,1266700,1036129,0.0380889968,0.003478932869,22.2933386
55,Australia,AU,TRUE,14706322,19017963,22019168,26439111,26699482,28202414,32192919,7692020,260371,0.009847948367,0.003289273615,3.471062478
56,North Korea,KP,TRUE,17973650,23367059,24686435,26160821,26244582,26569401,25807197,120410,83761,0.003201772605,0.003233231682,217.9601528
57,Syria,SY,TRUE,8898954,16307654,22337563,23227014,24348053,29824735,38306374,183630,1121039,0.0482644476,0.002999586595,132.5930022
58,Mali,ML,TRUE,7372581,11239101,15529181,23293698,24015789,28712294,47439802,1220190,722091,0.03099941452,0.002958652947,19.68200772
59,Taiwan,TW,FALSE,18100281,22194731,23083083,23923276,23950214,24027999,22445526,36197,26938,0.001126016353,0.002950574359,661.6629555
60,Burkina Faso,BF,TRUE,6932967,11882888,16116845,23251485,23840247,27523563,40541548,273600,588762,0.02532147947,0.002937026847,87.1354057
61,Sri Lanka,LK,TRUE,14943645,18776371,20668557,21893579,21949268,22186970,21814985,61860,55689,0.002543622493,0.002704065498,354.8216618
62,Malawi,MW,TRUE,6267369,11229387,14718422,20931751,21475962,24944243,37159300,94280,544211,0.02599930603,0.002645756017,227.7891599
63,Zambia,ZM,TRUE,5720438,9891136,13792086,20569737,21134695,24676417,37460435,743390,564958,0.02746549458,0.002603713234,28.43015779
64,Kazakhstan,KZ,TRUE,14172710,15236253,16627837,19606633,19828165,21128221,25609978,2699700,221532,0.01129882933,0.002442753757,7.344580879
65,Chile,CL,TRUE,11469828,15351799,17004162,19629590,19658839,19933769,20675378,743532,29249,0.001490046404,0.002421893444,26.43980219
66,Romania,RO,TRUE,22125224,21919876,20335211,19892812,19618996,19023383,17457213,230080,-273816,-0.01376456984,0.00241698494,85.27032337
67,Chad,TD,TRUE,4408230,8259137,11894727,18278568,18847148,22460393,36452035,1259200,568580,0.03110637551,0.002321896231,14.96755718
68,Somalia,SO,TRUE,5892224,8721465,12026649,18143378,18706922,22316857,36462830,627340,563544,0.03106058861,0.002304620927,29.81943125
69,Ecuador,EC,TRUE,8135845,12626507,14989585,18190484,18377367,19486952,22269779,248360,186883,0.01027366836,0.002264021017,73.99487438
70,Guatemala,GT,TRUE,6987767,11735894,14543121,18092026,18358430,20003638,24600727,107160,266404,0.01472494015,0.002261688051,171.3179358
71,Senegal,SN,TRUE,5703869,9704287,12530121,17763163,18221567,21125872,32562869,192530,458404,0.02580643999,0.002244827055,94.64274139
72,Netherlands,NL,TRUE,14130387,15899135,16617117,17618299,17671125,17943803,17897025,33670,52826,0.00299835983,0.002177014715,524.8329373
73,Cambodia,KH,TRUE,6198959,12118841,14363532,16944826,17121847,18084248,20258435,176520,177021,0.01044690574,0.002109345776,96.99664061
74,Zimbabwe,ZW,TRUE,7049926,11834676,12839771,16665409,17020321,19179393,26438589,386850,354912,0.02129632702,0.002096838163,43.99721081
75,Guinea,GN,TRUE,4972609,8336967,10270728,14190612,14528770,16622388,23711700,245720,338158,0.02382969811,0.001789888651,59.12734006
76,Rwanda,RW,TRUE,5247532,8109989,10309031,14094683,14414910,16375704,23030046,24670,320227,0.02271970217,0.001775861536,584.3092825
77,Benin,BJ,TRUE,3833939,6998023,9445710,13712828,14080072,16393827,25264035,112760,367244,0.02678105494,0.001734610781,124.8676126
78,Burundi,BI,TRUE,4312834,6307659,9126605,13238559,13591657,15800530,24208671,25680,353098,0.02667193612,0.001674439929,529.2701324
79,Bolivia,BO,TRUE,5736088,8592656,10223270,12388571,12567336,13625507,16609854,1083300,178765,0.01442983214,0.001548247517,11.6009748
80,Tunisia,TN,TRUE,6578156,9893316,10895063,12458223,12564689,13100768,14315779,155360,106466,0.00854584157,0.001547921417,80.87467173
81,Haiti,HT,TRUE,5646676,8360225,9842880,11724763,11867030,12700006,15087520,27560,142267,0.01213389132,0.001461972508,430.588897
82,Belgium,BE,TRUE,9828986,10264343,10877947,11686140,11715774,11873460,12090657,30280,29634,0.00253582449,0.00144333835,386.9145971
83,Dominican Republic,DO,TRUE,5755800,8540791,9775755,11332972,11434005,11982523,13180541,48310,101033,0.008914960701,0.001408625492,236.6798799
84,Jordan,JO,TRUE,2216903,5056174,6931258,11337052,11384922,11933395,15005941,88794,47870,0.004222438073,0.001402578655,128.2172444
85,South Sudan,SS,TRUE,4192012,6114440,9714419,11088796,11277092,12570402,17460846,631930,188296,0.01698074345,0.001389294413,17.84547656
86,Cuba,CU,TRUE,9809107,11105791,11290417,11194449,11174587,11016041,10028085,103800,-19862,-0.001774272231,0.001376666191,107.6549807
87,Honduras,HN,TRUE,3777990,6656725,8450933,10593798,10759406,11724522,14258514,111890,165608,0.01563254274,0.001325517486,96.16056842
88,Sweden,SE,TRUE,8311763,8871043,9381729,10612086,10673669,11007228,11902033,407283.5,61583,0.005803100352,0.001314955017,26.20697622
89,Papua New Guinea,PG,TRUE,3104788,5508297,7583269,10329931,10515788,11615322,14910369,452860,185857,0.01799208533,0.001295504685,23.22083646
90,Czech Republic,CZ,TRUE,10270060,10234710,10464749,10495295,10503734,10515199,10577126,77198.5,8439,0.0008040745877,0.001294019678,136.0613742
91,Azerbaijan,AZ,TRUE,6383060,8190337,9237202,10412651,10462904,10711138,10867296,82646,50253,0.0048261485,0.001288989579,126.5990369
92,Tajikistan,TJ,TRUE,4045965,6272998,7621779,10143543,10331513,11421430,15200989,138790,187970,0.01853100046,0.001272802713,74.43989481
93,Greece,GR,TRUE,9307148,11038109,11033783,10341277,10302720,10059703,9144951,128900,-38557,-0.00372845636,0.001269255526,79.92800621
94,Portugal,PT,TRUE,9785252,10300626,10588401,10247605,10223349,10062183,9261305,91605.6,-24256,-0.002366992092,0.001259477323,111.6017907
95,Hungary,HU,TRUE,10698679,10202055,9986825,10156239,9994993,9642912,8817396,91260,-161246,-0.01587654643,0.001231344741,109.5221674
96,United Arab Emirates,AE,TRUE,1014048,3275333,8481771,9516871,9591853,10004319,11449471,71020,74982,0.007878850097,0.001181679442,135.0584765
97,Belarus,BY,TRUE,9817257,10256483,9731427,9498238,9455037,9206170,8409632,202980,-43201,-0.004548317277,0.001164824236,46.58112622
98,Israel,IL,TRUE,3744608,6116958,7328445,9174520,9311652,10134951,12991790,21640,137132,0.014947049,0.001147159755,430.2981516
99,Togo,TG,TRUE,2838110,5008035,6571855,9053799,9260864,10558178,15478883,54390,207065,0.02287050994,0.001140902869,170.2677698
100,Sierra Leone,SL,TRUE,3367477,4584067,6436698,8791092,8977972,10105188,13595023,72180,186880,0.02125788241,0.001106051661,124.3830978
101,Austria,AT,TRUE,7547561,8010428,8362829,8958960,8977139,9054576,8924190,82520,18179,0.002029141775,0.001105949039,108.7874333
102,Switzerland,CH,TRUE,6319113,7182059,7822435,8796669,8851431,9143698,9753753,39516,54762,0.006225310967,0.001090462296,223.9961282
103,Laos,LA,TRUE,3297519,5430853,6323418,7633779,7736681,8321287,9775552,230800,102902,0.01347982434,0.0009531293783,33.52114818
104,Hong Kong,HK,FALSE,4978544,6731195,7132438,7491609,7496681,7485887,6975391,1050,5072,0.0006770241213,0.0009235623003,7139.69619
105,Nicaragua,NI,TRUE,3303309,5123222,5855734,7046310,7142529,7688686,9094641,120340,96219,0.01365523231,0.0008799321344,59.35290843
106,Serbia,RS,TRUE,7777010,7935022,7653748,7149077,7097028,6832604,5777806,87460,-52049,-0.007280520269,0.000874326586,81.14598674
107,Libya,LY,TRUE,2962720,5154790,6491988,6888388,6964197,7394813,8539976,1759540,75809,0.01100533245,0.0008579623171,3.957964582
108,Paraguay,PY,TRUE,3078912,5123819,5768613,6861524,6947270,7425448,8591486,397300,85746,0.01249664069,0.0008558769757,17.4862069
109,Kyrgyzstan,KG,TRUE,3691209,4935182,5483774,6735347,6839606,7435378,9426858,191800,104259,0.01547938065,0.0008426131845,35.66009385
110,Bulgaria,BG,TRUE,8980606,8097691,7592273,6687717,6618615,6290166,5187392,108560,-69102,-0.01033267407,0.0008153879422,60.96734525
111,Turkmenistan,TM,TRUE,2862903,4569132,5267970,6516100,6598071,7034758,8263833,469930,81971,0.01257976397,0.0008128570003,14.04054008
112,El Salvador,SV,TRUE,4508992,5958482,6114034,6364943,6396289,6554224,6636854,20720,31346,0.0049247888,0.0007879982331,308.7012066
113,Republic of the Congo,CG,TRUE,1829256,3134030,4437884,6106869,6244547,7114987,10378912,341500,137678,0.02254477704,0.0007693042016,18.28564275
114,Singapore,SG,TRUE,2400729,4053602,5163590,6014723,6052709,6251988,6337235,718,37986,0.006315502809,0.000745670497,8429.956825
115,Denmark,DK,TRUE,5125392,5340655,5550849,5910913,5939695,6104474,6445109,40000,28782,0.004869298533,0.0007317476063,148.492375
116,Central African Republic,CF,TRUE,2415276,3759170,4660067,5742315,5915627,7104274,11533423,622980,173312,0.0301815557,0.0007287825212,9.495693281
117,Slovakia,SK,TRUE,4973883,5376690,5396424,5795199,5702832,5555114,5186967,49035,-92367,-0.01593853809,0.0007025669947,116.3012542
118,Finland,FI,TRUE,4779418,5176209,5363271,5545475,5549886,5565475,5460917,303940,4411,0.0007954232956,0.000683724635,18.25980786
119,Liberia,LR,TRUE,1932169,2895224,4019956,5418377,5536949,6282074,8890700,96320,118572,0.02188330565,0.0006821308463,57.48493563
120,Norway,NO,TRUE,4085776,4491202,4889741,5474360,5514477,5748397,6367559,364285,40117,0.007328162561,0.0006793623822,15.13780968
121,Palestine,PS,TRUE,1453620,3139954,3992278,5371230,5494963,6256949,8861747,6020,123733,0.02303625054,0.0006769583324,912.7845515
122,New Zealand,NZ,TRUE,3147168,3855266,4346338,5228100,5269939,5495670,5949002,263310,41839,0.008002716092,0.00064923624,20.01419999
123,Costa Rica,CR,TRUE,2414303,3979193,4622252,5212173,5246714,5432243,5702525,51060,34541,0.00662698648,0.0006463750093,102.7558559
124,Lebanon,LB,TRUE,2963702,4320642,4995800,5353930,5219044,4714240,4937579,10230,-134886,-0.02519382958,0.0006429661716,510.170479
125,Ireland,IE,TRUE,3391387,3768950,4524585,5056935,5089478,5266881,5724686,68890,32543,0.006435321,0.0006270041381,73.87832777
126,Mauritania,MR,TRUE,1506694,2695003,3419461,4862989,4993922,5830563,8914673,1030700,130933,0.02692438745,0.000615232006,4.845175124
127,Oman,OM,TRUE,1017462,2344253,2881914,4644384,4713553,5093376,6328978,309500,69169,0.01489304071,0.0005806916222,15.22957351
128,Panama,PA,TRUE,1956987,3001731,3623617,4468087,4527961,4864126,5736121,74180,59874,0.01340036575,0.0005578274008,61.04018603
129,Kuwait,KW,TRUE,1493870,1934901,2943356,4310108,4349380,4564570,5155414,17820,39272,0.009111604628,0.0005358269076,244.0729517
130,Croatia,HR,TRUE,4680144,4548434,4368682,4008617,3986627,3850140,3333425,55960,-21990,-0.005485682469,0.0004911371316,71.24065404
131,Eritrea,ER,TRUE,1657982,2392880,3147727,3748901,3817651,4283355,5964021,121040.8,68750,0.0183387078,0.0004703199375,31.54019967
132,Georgia,GE,TRUE,5145843,4265172,3836831,3728282,3717425,3657494,3384660,69490,-10857,-0.002912065128,0.0004579724793,53.49582674
133,Mongolia,MN,TRUE,1697780,2450979,2702520,3447157,3493629,3736327,4518856,1557506.8,46472,0.01348125426,0.0004304016718,2.243090688
134,Uruguay,UY,TRUE,2953750,3292224,3352651,3423108,3423316,3423372,3337143,175020,208,0.00006076349329,0.0004217393803,19.55957033
135,Moldova,MD,TRUE,4103240,4251573,3678186,3435931,3329865,3174727,2997532,32884.6,-106066,-0.03086965367,0.0004102265761,101.2591
136,Puerto Rico,PR,FALSE,3214568,3827108,3717922,3260314,3268802,3259722,2727624,8870,8488,0.002603430222,0.0004027038491,368.5233371
137,Bosnia and Herzegovina,BA,TRUE,4199820,4179350,3811088,3210847,3194378,3111789,2739014,51200,-16469,-0.005129176196,0.0003935350982,62.39019531
138,Gambia,GM,TRUE,718586,1437539,1937275,2773168,2841803,3263651,4673743,10120,68635,0.02474967258,0.0003500992127,280.8105731
139,Albania,AL,TRUE,2941651,3182021,2913399,2832439,2826020,2789599,2456472,27400,-6419,-0.002266244745,0.0003481548077,103.1394161
140,Jamaica,JM,TRUE,2135546,2612205,2733896,2825544,2824738,2804356,2493823,10830,-806,-0.000285254804,0.0003479968702,260.8253001
141,Armenia,AM,TRUE,3135123,3168523,2946293,2777970,2777979,2759528,2573465,28470,9,0.000003239775808,0.000342236341,97.57565859
142,Qatar,QA,TRUE,277450,645937,1713504,2716391,2737061,2855291,3358454,11490,20670,0.007609361097,0.0003371954006,238.2124456
143,Botswana,BW,TRUE,938578,1726985,2091664,2675352,2719694,2972271,3679340,566730,44342,0.01657426761,0.0003350558529,4.79892365
144,Lithuania,LT,TRUE,3521206,3599637,3139019,2718352,2692798,2558928,2187550,62620,-25554,-0.009400548568,0.0003317423691,43.00220377
145,Namibia,NA,TRUE,975994,1819141,2099271,2604172,2645805,2910056,3779918,823290,41633,0.01598703926,0.000325953012,3.213697482
146,Gabon,GA,TRUE,749078,1272935,1711105,2436566,2484557,2774523,3757053,257670,47991,0.01969616255,0.0003060878778,9.642399193
147,Lesotho,LS,TRUE,1407672,1998630,2022747,2330318,2356083,2501946,2898369,30360,25765,0.01105643092,0.0002902603746,77.6048419
148,Guinea-Bissau,GW,TRUE,831462,1230849,1567220,2150842,2197149,2484863,3445289,28120,46307,0.0215297079,0.0002706803163,78.13474395
149,Slovenia,SI,TRUE,1901570,1984339,2057287,2119675,2118965,2105945,2003258,20136.4,-710,-0.0003349570099,0.0002610483479,105.2305775
150,North Macedonia,MK,TRUE,1907023,2037936,2093828,2085679,2082706,2072256,1909309,25220,-2973,-0.001425435074,0.0002565813784,82.5815226
151,Latvia,LV,TRUE,2572037,2392530,2101530,1830211,1810240,1701338,1433728,62230,-19971,-0.01091185661,0.0002230146139,29.08950667
152,Equatorial Guinea,GQ,TRUE,282509,684977,1094524,1714671,1754993,1999678,2790533,28050,40322,0.02351588147,0.0002162083957,62.56659537
153,Trinidad and Tobago,TT,TRUE,1127852,1332203,1410296,1534937,1538200,1547690,1485139,5130,3263,0.002125820148,0.0001895003309,299.8440546
154,Bahrain,BH,TRUE,362595,711442,1213645,1485509,1498712,1574679,1809237,785,13203,0.008887862679,0.000184635561,1909.187261
155,Timor-Leste,TL,TRUE,642224,878360,1088486,1360596,1379883,1495081,1806869,14870,19287,0.01417540548,0.0001699962847,92.79643578
156,Estonia,EE,TRUE,1476983,1396877,1331535,1322765,1319041,1289441,1171695,42750,-3724,-0.00281531489,0.000162500784,30.85476023
157,Mauritius,MU,TRUE,954865,1215930,1283330,1300557,1301978,1305425,1226235,2030,1421,0.001092608782,0.000160398688,641.3684729
158,Cyprus,CY,TRUE,679327,948237,1129686,1260138,1268467,1311784,1391785,9240,8329,0.006609593552,0.0001562702615,137.2799784
159,Eswatini,SZ,TRUE,598564,1030496,1099920,1210822,1222075,1305985,1655121,17200,11253,0.009293686438,0.0001505549453,71.05087209
160,Djibouti,DJ,TRUE,324121,742033,919199,1136455,1152329,1247129,1502575,23180,15874,0.01396799697,0.0001419625061,49.7122088
161,Reunion,RE,FALSE,551674,785424,890130,981796,989350,1031822,1127252,2512,7554,0.007694062718,0.0001218841194,393.8495223
162,Fiji,FJ,TRUE,644582,832509,905169,936375,943072,986172,1094174,18270,6697,0.007152049126,0.0001161828475,51.61860974
163,Comoros,KM,TRUE,328328,536758,656024,852075,867605,959412,1246207,1861,15530,0.01822609512,0.000106885603,466.2036539
164,Guyana,GY,TRUE,778176,759051,747932,813834,819594,848033,878746,196850,5760,0.007077610422,0.0001009708323,4.163545847
165,Bhutan,BT,TRUE,415257,587207,705516,787424,792382,821498,874294,38140,4958,0.006296480676,0.00009761841842,20.77561615
166,Solomon Islands,SB,TRUE,233668,429978,540394,740424,756673,856264,1225407,27990,16249,0.02194553391,0.0000932192068,27.0336906
167,Macau,MO,FALSE,245332,431896,557297,704149,713082,763371,881666,32.9,8933,0.01268623544,0.00008784896306,21674.22492
168,Luxembourg,LU,TRUE,363741,435628,507070,654768,661594,697086,781910,2574.5,6826,0.01042506659,0.00008150583925,256.9796077
169,Suriname,SR,TRUE,375112,478998,546080,623236,628785,659508,725519,156000,5549,0.008903529321,0.00007746389649,4.030673077
170,Montenegro,ME,TRUE,589324,633324,631044,626485,626102,621696,586385,13450,-383,-0.0006113474385,0.00007713336119,46.55033457
171,Cape Verde,CV,TRUE,317234,458251,521212,598682,604461,638840,727457,4033,5779,0.009652870806,0.00007446727313,149.8787503
172,Western Sahara,EH,FALSE,116775,270375,413296,587259,598385,662726,851067,266000,11126,0.01894564409,0.00007371873327,2.249567669
173,Malta,MT,TRUE,333587,399212,418755,535064,536740,543425,522737,320,1676,0.003132335571,0.00006612430608,1677.3125
174,Maldives,MV,TRUE,164887,282507,361575,521021,517887,512683,569909,300,-3134,-0.006015112635,0.00006380168891,1726.29
175,Brunei,BN,TRUE,187921,333926,396053,452524,455858,473312,498373,5270,3334,0.007367565035,0.0000561599544,86.50056926
176,Belize,BZ,TRUE,145133,240406,322106,410825,416656,450428,538838,22810,5831,0.01419339135,0.00005133041859,18.2663744
177,Bahamas,BS,TRUE,223752,325014,373272,412623,415223,429846,450625,10010,2600,0.006301151414,0.0000511538785,41.48081918
178,Guadeloupe,GP,FALSE,334234,424067,403072,395839,396346,399728,388861,1628,507,0.001280823769,0.00004882830461,243.455774
179,Iceland,IS,TRUE,228263,281462,318333,375318,377689,390338,408783,100830,2371,0.006317309588,0.00004652983389,3.745799861
180,Martinique,MQ,FALSE,333786,432543,392181,366981,366416,362472,330121,1128,-565,-0.001539589243,0.00004514104359,324.8368794
181,Mayotte,YT,FALSE,52233,159215,211786,335995,345996,407579,664141,374,10001,0.02976532389,0.00004262537804,925.1229947
182,Vanuatu,VU,TRUE,118156,192074,245453,334506,342325,391135,578567,12190,7819,0.02337476757,0.00004217312494,28.08244463
183,French Guiana,GF,FALSE,66825,164351,228453,312155,319796,366669,532459,83534,7641,0.02447822396,0.00003939763869,3.828333373
184,French Polynesia,PF,FALSE,163591,250927,283788,308872,311383,324860,346933,3471,2511,0.008129581186,0.00003836118941,89.70988188
185,New Caledonia,NC,FALSE,148599,221537,261426,292991,295966,312529,353191,18280,2975,0.01015389551,0.00003646187423,16.19070022
186,Barbados,BB,TRUE,253575,264657,274711,281995,282309,283082,267788,430,314,0.00111349492,0.00003477938429,656.5325581
187,Sao Tome and Principe,ST,TRUE,97210,143714,182138,231856,236381,265036,366663,960,4525,0.01951642399,0.00002912123113,246.2302083
188,Samoa,WS,TRUE,164905,184008,194672,225681,228966,248627,320016,2780,3285,0.01455594401,0.00002820773161,82.3618705
189,Curacao,CW,FALSE,156851,141424,159380,192077,192965,197829,204084,444,888,0.004623145926,0.00002377254671,434.6058559
190,Saint Lucia,LC,TRUE,121633,159500,170935,180251,180805,183274,177856,610,554,0.003073491964,0.00002227448143,296.4016393
191,Guam,GU,FALSE,110286,160188,164905,172952,174114,180746,195673,540,1162,0.006718627134,0.00002145017593,322.4333333
192,Kiribati,KI,TRUE,60813,88826,107995,133515,135763,148720,188570,810,2248,0.01683705951,0.00001672548006,167.608642
193,Grenada,GD,TRUE,94838,107432,114039,126183,126887,130367,136253,340,704,0.005579198466,0.00001563199096,373.1970588
194,Micronesia,FM,TRUE,76299,111709,107588,115224,116300,122704,135457,700,1076,0.009338332292,0.00001432771323,166.1428571
195,Jersey,JE,FALSE,75124,86192,96151,111802,112843,119047,135441,120,1041,0.009311103558,0.00001390182411,940.3583333
196,Tonga,TO,TRUE,96708,102603,107383,107773,108683,114124,131225,720,910,0.008443673276,0.00001338932809,150.9486111
197,Seychelles,SC,TRUE,65290,80060,92409,107660,108263,111317,116644,460,603,0.005600966004,0.0000133375857,235.3543478
198,Aruba,AW,FALSE,62267,89101,100341,106277,106177,104924,94185,180,-100,-0.0009409373618,0.00001308059852,589.8722222
199,Saint Vincent and the Grenadines,VC,TRUE,107480,113813,109308,103698,103683,104322,101691,390,-15,-0.0001446508129,0.0000127733473,265.8538462
200,United States Virgin Islands,VI,FALSE,96640,108185,106142,98750,98055,93419,77519,347,-695,-0.007037974684,0.00001207999932,282.5792507
201,Antigua and Barbuda,AG,TRUE,64889,75055,85695,94298,94816,97510,99030,440,518,0.00549322361,0.00001168096696,215.4909091
202,Isle of Man,IM,FALSE,64022,75562,83828,84710,84904,85798,86680,570,194,0.00229016645,0.00001045984664,148.954386
203,Andorra,AD,TRUE,35611,66097,71519,80088,80341,81528,80504,470,253,0.003159025072,0.000009897702566,170.9382979
204,Dominica,DM,TRUE,72978,68346,68755,73040,73368,74988,74167,750,328,0.004490690033,0.000009038655753,97.824
205,Cayman Islands,KY,FALSE,17100,39658,54074,69310,69885,72865,77633,240,575,0.008296061174,0.000008609563533,291.1875
206,Bermuda,BM,FALSE,53565,61371,63447,64069,63935,62806,56041,54,-134,-0.002091495107,0.00000787654639,1183.981481
207,Guernsey,GG,FALSE,52860,59114,60782,63544,63788,65141,66496,63,244,0.003839858995,0.000007858436555,1012.507937
208,Greenland,GL,FALSE,50106,56184,56351,56643,56789,57152,53997,410450,146,0.002577547093,0.000006996186642,0.1383578999
209,Faroe Islands,FO,FALSE,43054,45660,48410,53270,53444,54583,59444,1366,174,0.003266378825,0.000006584095492,39.12445095
210,Northern Mariana Islands,MP,FALSE,17613,80338,54087,49796,50025,51178,50050,460,229,0.004598762953,0.000006162887826,108.75
211,Saint Kitts and Nevis,KN,TRUE,43097,45461,47403,47755,47847,48247,46882,260,92,0.001926499843,0.000005894566593,184.0269231
212,Turks and Caicos Islands,TC,FALSE,7598,18744,29726,46062,46431,48538,52865,948,369,0.008010941774,0.000005720120833,48.9778481
213,Sint Maarten,SX,FALSE,12243,30489,33034,44222,44309,44946,38947,34,87,0.00196734657,0.000005458698585,1303.205882
214,American Samoa,AS,FALSE,32886,58230,54849,43914,43544,41142,33557,200,-370,-0.008425559047,0.000005364453523,217.72
215,Marshall Islands,MH,TRUE,31988,54224,53416,41996,42415,44733,51211,180,419,0.00997714068,0.00000522536506,235.6388889
216,Liechtenstein,LI,TRUE,25003,33026,35926,39584,39822,41030,42287,160,238,0.006012530315,0.000004905917422,248.8875
217,Monaco,MC,TRUE,27076,32465,33178,36297,36157,35862,37664,2,-140,-0.003857068077,0.000004454403501,18078.5
218,San Marino,SM,TRUE,21346,26823,31608,33642,33614,33458,32044,60,-28,-0.0008322929671,0.00000414111567,560.2333333
219,Gibraltar,GI,FALSE,28734,27741,31262,32688,32718,32771,31356,6.8,30,0.0009177679883,0.000004030731912,4811.470588
220,Saint Martin,MF,FALSE,7776,29610,36458,32077,32337,33508,35453,50,260,0.00810549615,0.000003983794176,646.74
221,British Virgin Islands,VG,FALSE,11109,20104,27556,31538,31763,32995,34768,150,225,0.007134250745,0.000003913079581,211.7533333
222,Palau,PW,TRUE,12252,19726,18540,18058,18051,17919,16689,460,-7,-0.0003876398272,0.000002223813856,39.24130435
223,Cook Islands,CK,FALSE,17651,15897,17212,17044,17072,17253,17674,240,28,0.001642806853,0.000002103204817,71.13333333
224,Anguilla,AI,FALSE,6560,11047,13172,15899,15936,16055,15294,91,37,0.002327190389,0.000001963253981,175.1208791
225,Nauru,NR,TRUE,7635,10377,10241,12780,12884,13358,14695,20,104,0.00813771518,0.000001587259305,644.2
226,Tuvalu,TV,TRUE,7731,9638,10550,11396,11478,11917,13211,30,82,0.007195507196,0.000001414045507,382.6
227,Wallis and Futuna,WF,FALSE,11315,14723,13142,11502,11439,11229,11349,274,-63,-0.005477308294,0.000001409240856,41.74817518
228,Saint Barthelemy,BL,FALSE,2983,7082,8988,10994,11019,11113,10210,25,25,0.002273967619,0.00000135749847,440.76
229,Saint Pierre and Miquelon,PM,FALSE,6106,6274,6052,5840,5815,5651,5165,242,-25,-0.004280821918,0.0000007163856614,24.02892562
230,Montserrat,MS,FALSE,11452,5138,4938,4386,4372,4301,3781,102,-14,-0.003191974464,0.0000005386136047,42.8627451
231,Falkland Islands,FK,FALSE,2240,3080,3187,3791,3803,3869,3779,12173,12,0.003165391717,0.0000004685149906,0.3124127167
232,Niue,NU,FALSE,3637,2074,1812,1935,1935,1948,2096,261,0,0,0.0000002383845666,7.413793103
233,Tokelau,TK,FALSE,1647,1666,1367,1893,1915,2046,2430,10,22,0.0116217644,0.0000002359206434,191.5
234,Vatican City,VA,TRUE,733,651,596,764,764,764,764,0.44,0,0,0.00000009412186505,1736.363636